{"cameraMode":{"drawMode":0,"name":"Shaded","section":"Shading Mode"},"sceneLighting":true,"audioPlay":false,"sceneViewState":{"showFog":true,"showMaterialUpdate":false,"showSkybox":true,"showFlares":true,"showImageEffects":true,"showParticleSystems":true},"in2DMode":false,"pivot":{"x":-35.34952163696289,"y":3.9893035888671877,"z":90.1389389038086},"rotation":{"x":0.00020633095118682832,"y":-0.7182610034942627,"z":0.6957781314849854,"w":0.00021302132518030703},"size":198.2117156982422,"orthographic":false}