{"cameraMode":{"drawMode":0,"name":"Shaded","section":"Shading Mode"},"sceneLighting":true,"audioPlay":false,"sceneViewState":{"showFog":true,"showMaterialUpdate":false,"showSkybox":true,"showFlares":true,"showImageEffects":true,"showParticleSystems":true},"in2DMode":false,"pivot":{"x":-9.989608764648438,"y":-88.71881103515625,"z":148.34544372558595},"rotation":{"x":0.31593647599220278,"y":-0.24250245094299317,"z":0.08387597650289536,"w":0.9134273529052734},"size":176.27926635742188,"orthographic":false}