{"cameraMode":{"drawMode":0,"name":"Shaded","section":"Shading Mode"},"sceneLighting":false,"audioPlay":false,"sceneViewState":{"showFog":true,"showMaterialUpdate":false,"showSkybox":false,"showFlares":true,"showImageEffects":true,"showParticleSystems":true},"in2DMode":false,"pivot":{"x":-0.07706594467163086,"y":2.39315128326416,"z":7.1260786056518559},"rotation":{"x":-0.0730479285120964,"y":0.8458195924758911,"z":-0.12005716562271118,"w":-0.514630138874054},"size":10.268689155578614,"orthographic":true}