{"cameraMode":{"drawMode":0,"name":"Shaded","section":"Shading Mode"},"sceneLighting":true,"audioPlay":false,"sceneViewState":{"showFog":true,"showMaterialUpdate":false,"showSkybox":true,"showFlares":true,"showImageEffects":true,"showParticleSystems":true},"in2DMode":false,"pivot":{"x":127.5142822265625,"y":-87.88616943359375,"z":185.50320434570313},"rotation":{"x":0.32546281814575198,"y":-3.592088759774015e-8,"z":-7.293617159120913e-7,"w":0.9455589652061462},"size":210.1881103515625,"orthographic":false}