{"cameraMode":{"drawMode":0,"name":"Shaded","section":"Shading Mode"},"sceneLighting":false,"audioPlay":false,"sceneViewState":{"showFog":true,"showMaterialUpdate":false,"showSkybox":false,"showFlares":true,"showImageEffects":true,"showParticleSystems":true},"in2DMode":false,"pivot":{"x":6.409060001373291,"y":0.9606515169143677,"z":7.098894119262695},"rotation":{"x":0.030715959146618844,"y":-0.821077287197113,"z":0.04438129439949989,"w":0.5682610273361206},"size":10.0,"orthographic":true}