{"cameraMode":{"drawMode":0,"name":"Shaded","section":"Shading Mode"},"sceneLighting":true,"audioPlay":false,"sceneViewState":{"showFog":true,"showMaterialUpdate":false,"showSkybox":true,"showFlares":true,"showImageEffects":true,"showParticleSystems":true},"in2DMode":false,"pivot":{"x":-177.54766845703126,"y":134.001220703125,"z":176.46832275390626},"rotation":{"x":-0.4232528805732727,"y":-0.576603889465332,"z":0.4840778708457947,"w":-0.5041195750236511},"size":104.8454818725586,"orthographic":true}