{"cameraMode":{"drawMode":0,"name":"Shaded","section":"Shading Mode"},"sceneLighting":true,"audioPlay":false,"sceneViewState":{"showFog":true,"showMaterialUpdate":false,"showSkybox":true,"showFlares":true,"showImageEffects":true,"showParticleSystems":true},"in2DMode":false,"pivot":{"x":-155.03109741210938,"y":-106.589111328125,"z":138.03082275390626},"rotation":{"x":0.72491455078125,"y":-0.0016418097075074912,"z":0.0017105955630540848,"w":0.6888554692268372},"size":201.7644500732422,"orthographic":true}