{"cameraMode":{"drawMode":0,"name":"Shaded","section":"Shading Mode"},"sceneLighting":true,"audioPlay":false,"sceneViewState":{"showFog":true,"showMaterialUpdate":false,"showSkybox":true,"showFlares":true,"showImageEffects":true,"showParticleSystems":true},"in2DMode":false,"pivot":{"x":-23.611175537109376,"y":12.095367431640625,"z":93.5136947631836},"rotation":{"x":0.36999404430389407,"y":0.3500007092952728,"z":-0.15306806564331056,"w":0.8470218777656555},"size":145.7329864501953,"orthographic":true}