{"cameraMode":{"drawMode":0,"name":"Shaded","section":"Shading Mode"},"sceneLighting":true,"audioPlay":false,"sceneViewState":{"showFog":true,"showMaterialUpdate":false,"showSkybox":true,"showFlares":true,"showImageEffects":true,"showParticleSystems":true},"in2DMode":false,"pivot":{"x":-134.55551147460938,"y":-49.981201171875,"z":215.10345458984376},"rotation":{"x":-0.6723685264587402,"y":0.0015524720074608923,"z":-0.001404250506311655,"w":-0.7402253150939941},"size":164.62518310546876,"orthographic":true}