{"cameraMode":{"drawMode":0,"name":"Shaded","section":"Shading Mode"},"sceneLighting":true,"audioPlay":false,"sceneViewState":{"showFog":true,"showMaterialUpdate":false,"showSkybox":true,"showFlares":true,"showImageEffects":true,"showParticleSystems":true},"in2DMode":false,"pivot":{"x":-134.55551147460938,"y":-49.981201171875,"z":215.10345458984376},"rotation":{"x":-0.37700992822647097,"y":0.3452105224132538,"z":-0.15390554070472718,"w":-0.8455905318260193},"size":164.62518310546876,"orthographic":true}