{"cameraMode":{"drawMode":0,"name":"Shaded","section":"Shading Mode"},"sceneLighting":true,"audioPlay":false,"sceneViewState":{"showFog":true,"showMaterialUpdate":false,"showSkybox":true,"showFlares":true,"showImageEffects":true,"showParticleSystems":true},"in2DMode":false,"pivot":{"x":98.8104248046875,"y":-230.43804931640626,"z":150.15573120117188},"rotation":{"x":0.41723325848579409,"y":0.4277331233024597,"z":-0.23256441950798036,"w":0.7673857808113098},"size":332.15740966796877,"orthographic":false}