{"cameraMode":{"drawMode":0,"name":"Shaded","section":"Shading Mode"},"sceneLighting":true,"audioPlay":false,"sceneViewState":{"showFog":true,"showMaterialUpdate":false,"showSkybox":true,"showFlares":true,"showImageEffects":true,"showParticleSystems":true},"in2DMode":false,"pivot":{"x":-10.707221984863282,"y":-171.797119140625,"z":90.02130126953125},"rotation":{"x":-0.706076443195343,"y":0.0018082128372043372,"z":-0.0019349775975570083,"w":-0.708195686340332},"size":213.2343292236328,"orthographic":true}