{"cameraMode":{"drawMode":0,"name":"Shaded","section":"Shading Mode"},"sceneLighting":true,"audioPlay":false,"sceneViewState":{"showFog":true,"showMaterialUpdate":false,"showSkybox":true,"showFlares":true,"showImageEffects":true,"showParticleSystems":true},"in2DMode":false,"pivot":{"x":318.4646301269531,"y":50.02625274658203,"z":0.0},"rotation":{"x":0.0755850076675415,"y":0.07959774136543274,"z":-0.006198130082339048,"w":0.9940754175186157},"size":404.0474548339844,"orthographic":true}