{"cameraMode":{"drawMode":0,"name":"Shaded","section":"Shading Mode"},"sceneLighting":false,"audioPlay":false,"sceneViewState":{"showFog":true,"showMaterialUpdate":false,"showSkybox":false,"showFlares":true,"showImageEffects":true,"showParticleSystems":true},"in2DMode":false,"pivot":{"x":139.80455017089845,"y":-3.4883270263671877,"z":-97.24221801757813},"rotation":{"x":0.12711280584335328,"y":0.6939699053764343,"z":-0.1265033781528473,"w":0.6973127722740173},"size":210.3228759765625,"orthographic":false}