{"cameraMode":{"drawMode":0,"name":"Shaded","section":"Shading Mode"},"sceneLighting":true,"audioPlay":false,"sceneViewState":{"showFog":true,"showMaterialUpdate":false,"showSkybox":true,"showFlares":true,"showImageEffects":true,"showParticleSystems":true},"in2DMode":false,"pivot":{"x":-158.486572265625,"y":9.444290161132813,"z":199.4469451904297},"rotation":{"x":0.28981813788414,"y":-0.6002064943313599,"z":0.24734869599342347,"w":0.7032626867294312},"size":118.7642822265625,"orthographic":true}